{
  "model_name": "XGBoost",
  "timestamp": "2025-10-29T13:19:13.857624",
  "test_accuracy": 0.5893176704709997,
  "test_macro_f1": 0.5141623806788752,
  "cv_macro_f1_mean": 0.5120136958975314,
  "cv_macro_f1_std": 0.0022475656515078997,
  "roc_auc_per_class": {
    "BenignPositive": 0.7299896637365733,
    "FalsePositive": 0.7672859373545915,
    "TruePositive": 0.7011238667934448
  },
  "roc_auc_micro": 0.7688912707556205,
  "n_features": 20,
  "n_train_samples": 314230,
  "n_test_samples": 134671,
  "hyperparameters": {
    "max_depth": 6,
    "learning_rate": 0.1,
    "n_estimators": 200,
    "subsample": 0.8,
    "colsample_bytree": 0.8
  }
}