{
  "model_name": "MLP_Undersampling",
  "timestamp": "2025-10-30T15:08:31.799239",
  "dataset_version": "processed_v3_balanced",
  "undersampling_strategy": "RandomUnderSampler (1.5:1 ratio)",
  "architecture": {
    "input_dim": 43,
    "hidden_layers": [
      128,
      64,
      32
    ],
    "dropout": 0.3,
    "activation": "ReLU",
    "output_activation": "Sigmoid"
  },
  "training": {
    "n_epochs": 30,
    "batch_size": 512,
    "optimizer": "Adam",
    "learning_rate": 0.001,
    "loss_function": "BCEWithLogitsLoss",
    "device": "mps"
  },
  "data": {
    "n_train_samples_original": 348918,
    "n_train_samples_resampled": 254040,
    "n_test_samples": 149537,
    "n_features": 43,
    "reduction_percentage": 27.19206231836706,
    "class_distribution_resampled": {
      "class_0": 152424,
      "class_1": 101616
    }
  },
  "test_metrics": {
    "accuracy": 0.8775553876298173,
    "precision": 0.8608601166647604,
    "recall": 0.6912973593570608,
    "f1_score": 0.7668169430223377,
    "roc_auc": 0.9188058027869176
  },
  "per_class_metrics": {
    "class_0_non_tp": {
      "precision": 0.8826517697377035,
      "recall": 0.9540887089926123,
      "f1_score": 0.9169810294170989
    },
    "class_1_tp": {
      "precision": 0.8608601166647604,
      "recall": 0.6912973593570608,
      "f1_score": 0.7668169430223377
    }
  },
  "confusion_matrix": {
    "true_negatives": 101121,
    "false_positives": 4866,
    "false_negatives": 13444,
    "true_positives": 30106
  },
  "training_history": {
    "final_loss": 0.3398255371831552,
    "min_loss": 0.3395718353495032,
    "loss_history": [
      0.483846843482503,
      0.4464624639248224,
      0.43556406548325444,
      0.42694893353421925,
      0.41751700927554003,
      0.40297823304861363,
      0.37917693136203695,
      0.3689371555503945,
      0.3629187026493986,
      0.3579793984381486,
      0.35983957419213153,
      0.35398537364284277,
      0.35177017877279393,
      0.35249963360773007,
      0.3538075739469087,
      0.35290804103586515,
      0.3519051690216755,
      0.3501931624393348,
      0.3509395642419696,
      0.3518219730503842,
      0.3490002877875353,
      0.34811607404973666,
      0.34493061210547893,
      0.34401468246035893,
      0.34147657037261026,
      0.34096159889424593,
      0.3412713491221069,
      0.3395718353495032,
      0.3396650772219453,
      0.3398255371831552
    ]
  }
}