{
  "model_name": "MLP_Baseline",
  "timestamp": "2025-11-01T22:44:58.090089",
  "dataset_version": "processed_v3_balanced",
  "class_balancing": "Class weights in loss function",
  "architecture": {
    "input_dim": 43,
    "hidden_layers": [
      128,
      64,
      32
    ],
    "dropout": 0.3,
    "activation": "ReLU",
    "output_activation": "Sigmoid"
  },
  "training": {
    "n_epochs": 50,
    "batch_size": 512,
    "optimizer": "Adam",
    "learning_rate": 0.005,
    "loss_function": "BCEWithLogitsLoss",
    "pos_weight": 1.0,
    "device": "cuda"
  },
  "data": {
    "n_train_samples": 243878,
    "n_val_samples": 60970,
    "n_test_samples": 149537,
    "n_features": 43,
    "class_distribution_train": {
      "class_0": 121939,
      "class_1": 121939
    }
  },
  "test_metrics": {
    "accuracy": 0.8667888214956834,
    "precision": 0.7860220780478357,
    "recall": 0.745556831228473,
    "f1_score": 0.7652548964151877,
    "roc_auc": 0.9201227976998717
  },
  "per_class_metrics": {
    "class_0_non_tp": {
      "precision": 0.8976152417559065,
      "recall": 0.916602979610707,
      "f1_score": 0.9070097471710796
    },
    "class_1_tp": {
      "precision": 0.7860220780478357,
      "recall": 0.745556831228473,
      "f1_score": 0.7652548964151877
    }
  },
  "confusion_matrix": {
    "true_negatives": 97148,
    "false_positives": 8839,
    "false_negatives": 11081,
    "true_positives": 32469
  },
  "training_history": {
    "final_loss": 0.33708271909059967,
    "min_loss": 0.33703178648428844,
    "loss_history": [
      0.5028750199191975,
      0.4600592479265961,
      0.4471392074845872,
      0.43621696778563335,
      0.4148959750524357,
      0.39542935191960205,
      0.3868321287806929,
      0.3794491720899346,
      0.3747713492101593,
      0.3680417040983836,
      0.36247295547331404,
      0.3612912049833334,
      0.36070474357475024,
      0.3572805965596525,
      0.3548917124356364,
      0.35313568168966025,
      0.35296483847080284,
      0.35218821562811015,
      0.3501465341205117,
      0.34761594595149375,
      0.3483298623336936,
      0.34786429164044763,
      0.3470910585776315,
      0.3454678086739666,
      0.34467016632202035,
      0.34751705109948133,
      0.34512372492994153,
      0.34558213281931366,
      0.3437733690193864,
      0.3431657719537147,
      0.34192378347274893,
      0.3417746181008201,
      0.3394144412981389,
      0.34178410030011114,
      0.34058057230973393,
      0.33892073283905255,
      0.3412870514192921,
      0.3389801151222653,
      0.33878250448208935,
      0.3384462861145068,
      0.3384477876017429,
      0.3397717308448296,
      0.339460495882814,
      0.33884043432381666,
      0.33808275138807,
      0.3373335253142711,
      0.33703178648428844,
      0.33735845048972396,
      0.3370770001686344,
      0.33708271909059967
    ]
  },
  "note": "Validation set (20% of train) used for monitoring during training. Test set used only for final evaluation."
}